location,price,size,sector,key_features,gap_station (miles from bank station),nearest_stations_detail,phone_number,contact_info,description,full_description,links
"The Railway Bell, 14 Cawnpore Street, London, SE19 1PF",POA,"2,649 sq. ft.",Pub for sale,"Pub arranged on basement, ground and first floor | First floor is divided into 5 rooms and a kitchen | Garden Space",N/A,Gipsy Hill Station - 0.1 miles | Crystal Palace Station - 0.5 miles | Sydenham Hill Station - 0.7 miles,020 3835 4135,"Marketed by Kalmars Commercial Limited, London","Comprising a late Victorian brick built pub arranged on basement, ground and first floor under a pitched roof, with a garden and storage buildings to the rear. The basement has been used for storing barrels, the ground floor has a pub with toilets to the rear and the first floor is divided into 5...","Comprising a late Victorian brick built pub arranged on basement, ground and first floor under a pitched roof, with a garden and storage buildings to the rear. The basement has been used for storing barrels, the ground floor has a pub with toilets to the rear and the first floor is divided into 5 rooms including a kitchen. The property is located in a residential street 4 minutes' walk from Gipsy Hill station and a similar distance to Westow Hill in Crystal Palace. This is in a residential area approximately 7 miles south of central London. Pub arranged on basement, ground and first floor First floor is divided into 5 rooms and a kitchen Garden Space",https://www.rightmove.co.uk/properties/174176258
"Camden, London, NW1","£50,000",N/A,Restaurant for sale,Spacious | Close to Train Station | High Footfall | Busy Parade | Easy to manage | Attractive Location | Close to schools | Close to High street | Leasehold for Sale | Parking,N/A,Camden Town Station - 0.1 miles | Mornington Crescent Station - 0.2 miles | Camden Road Station - 0.3 miles,020 3947 5994,"Marketed by GALAXY REAL ESTATE LIMITED, Hayes",GALAXY REAL ESTATE PROUDLY PRESENTS TO THE MARKET.,"""PRIME TAKEAWAY LEASE FOR SALE IN PRIME LOCATION IN CAMDEN"" Discover an exceptional opportunity to own a prime shop in the heart of Camden, London. Located in a bustling parade, this newly refurbished and attractive shop offers a high potential to increase sales. With its easy-to-manage layout and friendly customer base, this spacious property presents an ideal investment in a high footfall area. The convenience of being close to public transport, including the nearby train station, enhances the appeal of this leasehold for sale. Moreover, its proximity to schools, the High Street, and a variety of amenities makes it an attractive location for business. This property is priced at an inviting £50,000, making it an unmissable opportunity to establish your business in a vibrant and prosperous area. RENT: £81,000 Per Annum. RATES: NIL. TIMINGS: 11:00 AM to 11:00 PM. TURNOVER: £10,500 Per Week. LEASE: Long Lease Renewable. PRICE: £55K (Negotiable). RENT REVIEW: It Will Be In 2030. UTILITY BILLS: £1,000 Per Month. SEATING AREA: 22 Seating Areas. PARKING: No. ACCOMMODATION: No. This is an excellent opportunity to acquire a newly fitted shop in turnkey condition. With solid weekly takings. It-s ideal for both new entrepreneurs and experienced operators looking to expand. Enquiries & Viewings: If you would like to enquire or book an appointment, please contact us: | Sivi Babbar |   | |   |   |",https://www.rightmove.co.uk/properties/174258068
"Green Lanes, Winchmore Hill, London","£40,000",729 sq. ft.,Takeaway for sale,N/A,N/A,Winchmore Hill Station - 0.3 miles | Grange Park Station - 0.6 miles | Bush Hill Park Station - 1.2 miles,020 3834 8258,"Marketed by Mi Commercial, London","A well situated, ground floor take away premises with private parking. The property is fully equipped and ready to continue as an ongoing concern, or transformation to a new cuisine. The premises is of good specification throughout, including a frameless glass shopfront, air conditioning, a walk ...","LOCATION The premises is ideally situated in a prominent parade on Green Lanes, Winchmore Hill. Waitrose supermarket is just a stone´s throw away, in addition to the local post office being conveniently located next door. Winchmore Hill National Rail Station is also within a short walk providing convenient access to the Capital. DESCRIPTION A well situated, ground floor take away premises with private parking. The property is fully equipped and ready to continue as an ongoing concern, or transformation to a new cuisine. The premises is of good specification throughout, including a frameless glass shopfront, air conditioning, a walk in fridge, CCTV and ample storage space. Premium: £40,000 though reasonable offers will be considered. Rent: £12,850pax Rates: Please contact the local council for accurate information Use: E class Term: Assignment of 20 year lease which started in December 2020. Please note charge a £750 including VAT fee for the processing of referencing, laundering and administration Please contact one of our commercial property consultants at your earliest convenience to avoid potential disappointment. TERMS Assignment of a 20 year lease which started in December 2020 OUTGOINGS Interested parties should make their own enquiries VAT It is our understanding that this property is not elected for VAT LEGAL COSTS The assignee to be responsible for the landlords legal fees VIEWING Strictly via appointment only",https://www.rightmove.co.uk/properties/152578379
"London, W14","£10,000",N/A,Pub for sale,Spacious | Close to Train Station | High Footfall | Attractive Location | ideal for investment | Pub / Bar | Ideal for Cafe | Central London | Prime Location | Party Hall,N/A,Kensington Olympia Station - 0.1 miles | Barons Court Station - 0.5 miles | West Kensington Station - 0.5 miles,020 3947 5994,"Marketed by GALAXY REAL ESTATE LIMITED, Hayes",GALAXY REAL ESTATE PROUDLY PRESENTS TO THE MARKET. The currently shut down pub is ready to let but needs cleaning and renovation Currently the premises licence expired; need to apply Ideal location for pub and restaurant,"""PUB TO LET IN PRIME LOCATION IN KENSINGTON."" Welcome to an exceptional opportunity in the prime location of Blythe Road, London, W14. This attractive pub presents a high potential to increase sales, boasting a spacious and inviting shop in a bustling and friendly environment. The property is situated in a busy parade, offering easy management and a large customer base, making it an ideal investment for those seeking a thriving business venture. Conveniently located close to train stations, this pub benefits from high footfall and proximity to schools and the high street, ensuring a steady flow of customers. The area is surrounded by various amenities, including supermarkets, restaurants, shopping centres, and a vibrant nightlife. With its desirable location and potential for growth. Don't miss the chance to embrace this exceptional opportunity in a prosperous and vibrant area. Enquire now to make this prime property your own and take advantage of the numerous benefits it has to offer. RENT: £60,000 per annum. RATES: £16,250 Per Annum (Rateable Value) LEASE: New Lease & Renewable. SEATING AREA: 25-30 seats. ""AGENCY FEES APPLIES"" This is an excellent opportunity to acquire a profitable and respected pharmacy in a thriving West London location. Early viewing is highly recommended. Enquiries & Viewings: If you would like to enquire or book an appointment, please contact us: | Sivi Babbar |   | |   | Energy Performance Certificates EPC Graph EPC",https://www.rightmove.co.uk/properties/87990147
"The Duke of Richmond, 316 Queensbridge Road, Hackney, E8 3NH","£500,000",N/A,N/A,"Guide Price Reflects 12% Gross Yield | 20 Year Lease in Place from July 2025 | £60,000 per annum rent | Lock up Ground Floor and Basement Property | External Seating Below Heated Canopy | 232 sqm - Energy Rating B | Christie & Co Ref: 4256569",2.16,N/A,03331 882955,"Marketed by Christie & Co, Pubs & Restaurants","Virtual Freehold. Guide Price Reflects 12% Gross Yield. 20 Year Lease in Place from July 2025. £60,000 per annum rent. Lock up Ground Floor and Basement Property. External Seating Below Heated Canopy","Description The Duke of Richmond is a well-established neighborhood pub and restaurant. The property features an elegant dining space and an outdoor seating area for al fresco dining on the ground floor and a basement kitchen. It is positioned at a prime corner location with excellent public transport links and surrounded by local amenities and a vibrant community. Location Situated at 316 Queensbridge Road, Hackney, London, E8 3NH, The Duke of Richmond is a notable neighborhood pub and restaurant occupying a prime corner location at the intersection of Queensbridge Road and Richmond Road. This establishment offers both indoor and outdoor seating areas and the location boasts excellent public transport links and proximity to local amenities and green spaces, making it a highly visible and accessible venue within a vibrant and culturally rich community. The Opportunity This is a virtual freehold held on a 999 year lease dated 13.10.1999 with peppercorn rent. Planning Permissions The property is located in a Conservation Area and is Listed, Grade II. We are not aware of any recent planning applications in relation to the property. Tenure The property was let on a fully repairing and insuring underlease, contracted in to the landlord and tenant act 1954, for a term of 20 years, in July 2025. The annual rent is £60,000 plus VAT and is subject to 5 yearly rent reviews. A 4 month rent deposit, increasing by an additional 2 months on the 1st anniversary of the lease, and a personal guarantee has been secured from the tenant. Business Rates The VOA lists the property as a restaurant and premises with a rateable value of £34,500 from April 2023. The local authority is Hackney Council. Additional information Service charge Ask agent Business rates Ask agent Use class Ask agent Listed building Ask agent Business for sale Yes Energy performance certificate: B An Energy Performance certificate helps you understand the current energy efficiency of a property. Read more about EPC requirements Ask agent Environmental data BREEAM rating Ask agent Environmental description Ask agent Read more about energy considerations for commercial property Brochure Brochure 1 The Duke of Richmond, 316 Queensbridge Road, Hackney, E8 3NH Open Map",https://www.rightmove.co.uk/properties/730294825600209
"77 Brooksby's Walk, London, E9","£500,000","1,075 sq. ft.",Restaurant for sale,Rare and Unique Opportunity | Development/Conversion Potential (STP) | Suitable for a Variety of Uses (STP) | Formerly used as a bar/restaurant | The property benefits from an EPC rating of C.,3.28,Homerton Station - 0.3 miles | Hackney Central Station - 0.6 miles | Hackney Downs Station - 0.8 miles,01708 201378,"Marketed by Kemsley LLP, Rainham","The property comprises a rare opportunity to acquire a unique investment/development opportunity, comprising a former public convenience most recently used as a bar and restaurant. Internally, the accommodation is currently configured to provide open plan seating with bar and kitchen area. To th...","The property comprises a rare opportunity to acquire a unique investment/development opportunity, comprising a former public convenience most recently used as a bar and restaurant. Internally, the accommodation is currently configured to provide open plan seating with bar and kitchen area. To the rear there are WCs. The premises further benefits from additional roof top seating (subject to the necessary consents). Location 77 Brooksby's Walk is located in the Heart of Homerton, within the London Borough of Hackney. Forming part of a busy retail parade along Chatsworth Road, the area is well known for its independent cafes and shops, and is within easy reach of Victoria Park and Hackney Downs. The property benefits from excellent transport links, with Homerton railway station a short walk away, providing convenient connections via the London Overground. Hackney Central and Hackney Downs railway stations are also nearby, alongside numerous bus routes, offering easy access into the City and beyond. VAT Sale of the property is not subject to VAT. Rating Interested parties are advised to make their own enquiries. Legal Costs Each party to bear their own legal costs incurred in this transaction. EPC The property benefits from an EPC rating of C. Tenure Comments The property is available for sale on a freehold basis with vacant possession. NATURE OF SALE Our client is seeking unconditional freehold offers only.",https://www.rightmove.co.uk/properties/174432389
"Oysteria, 40 Bank Street, Canary Wharf Estate, London, E14 5NR","£500,000",N/A,N/A,"Prime Canary Wharf Location | Waterside Views | 70 Covers in Restaurant | 100 Covers on Waterfront | Turnover over £1.75m net per annum | 184 m2 / Energy Rating B | Annual rent: 100,150 | Christie & Co Ref: 2460422",3.09,N/A,03331 882955,"Marketed by Christie & Co, Pubs & Restaurants",Leasehold. Prime Canary Wharf Location. Waterside Views. 70 Covers in Restaurant. 100 Covers on Waterfront. Turnover over £1.75m net per annum,"Description Located in the heart of Canary Wharf, Oysteria is a stylish Italian seafood restaurant renowned for its fresh oysters, premium seafood dishes, and authentic Mediterranean-inspired pasta. With a chic interior and a spacious terrace overlooking the water, it offers the perfect setting for business lunches, relaxed dinners, and special occasions. Guests consistently praise its warm, welcoming atmosphere, attentive service, and exceptional quality, making Oysteria a go-to destination for both local professionals and visitors seeking a refined yet inviting dining experience. Location Oysteria is located at 40 Bank Street, Canary Wharf, London, E14 5NR—a prime riverside spot just a stone’s throw from the heart of the Docklands business district. Visitors can reach the restaurant easily via public transport: the Jubilee Line to Canary Wharf Underground Station and a short 5-minute walk southeast along Canada Square, passing through the main shopping concourse before heading onto Bank Street. Alternatively, take the DLR to Heron Quays—only about 0.16 miles (roughly 3 minutes on foot) from the station. For those arriving by river taxi, embark or disembark at the nearby Canary Wharf Pier, then enjoy a flat, picturesque stroll of under 10 minutes along the waterfront to 40 Bank Street. Oysteria is also easily accessible by road or cycle, with nearby parking and convenient cycle docking stations. Internal Details - Bar - Fully electric, open Kitchen - 70 Restaurant Covers - WC's and DDA - Storage Fixtures & Fittings Trade fixtures and fittings in the property are included in the sale, with the exception of some minor personal items. External Details - Heated and covered waterside seating for circa 100 covers - Basement Beer Cellar The Opportunity A new tenant taking on the Oysteria space at 40 Bank Street has a prime opportunity to anchor their brand in Canary Wharf’s evolving, high-footfall waterfront scene. With 210,000 sq ft of office space leased by HSBC and a growing mix of blue-chip occupiers in the building and surrounding towers, this location benefits from a consistent daytime audience of professionals. Positioned directly on the South Dock waterfront, it offers rare waterside visibility, outdoor terrace potential, and a year-round calendar of estate-wide events drawing both office workers and visitors. The wider estate is undergoing diversification—blending offices, tech firms, residential, retail, culture, and sustainability initiatives—making it a vibrant, multifunctional neighbourhood that supports strong retail and leisure growth. With available 4,626 sq ft of retail space at street level and seamless connectivity via Jubilee, DLR, and Elizabeth lines, the site delivers excellent exposure, accessibility, and a captive audience—perfect for a hospitality tenant keen to capitalize on both workspace and leisure Staff The proposed purchaser will be required to offer continuity of employment in accordance with the Transfer of Undertakings (Protection of Employment) Regulations. Prospective purchasers should complete their own enquiries and due diligence to satisfy themselves as to the rights, contracts and obligations that may run with the property and business, and also the registrations, licences, permits and certificates required to trade. Trading Information Trading information provided shows that as of December 2024, the business generated an annual turnover of just over £1.75m net of VAT. Full Trading Profit and Loss Accounts will be made available to seriously interested parties on request after a formal viewing of the business has been undertaken. Trading Hours The opening hours of the premises are as follows: - Monday to Sunday 11:30am - 10:30pm Licensable activities authorised by the licence include: Sale by retail of Alcohol and Late Night Refreshment. Licensed opening hours: - 9am - 12am Monday to Sunday Tenure This is an opportunity to acquire an existing 20-year, fully repairing and insuring, leasehold with 15 years remaining, contracted in to the landlord and tenant act 1954 at a passing rent of £100,150 pa (plus VAT), subject to five-yearly rent reviews. The landlord will likely require a 6 month deposit and/or personal guarantees. Business Rates The VOA lists the property with a rateable value of £112,000 from April 2026. The local authority is Tower Hamlets. Additional information Service charge Ask agent Business rates Ask agent Use class Ask agent Listed building Ask agent Business for sale Yes Leasehold: Ask agent Tenure Leasehold Length of lease Ask agent Energy performance certificate: B An Energy Performance certificate helps you understand the current energy efficiency of a property. Read more about EPC requirements Ask agent Environmental data BREEAM rating Ask agent Environmental description Ask agent Read more about energy considerations for commercial property Brochure Brochure 1 Oysteria, 40 Bank Street, Canary Wharf Estate, London, E14 5NR Open Map",https://www.rightmove.co.uk/properties/730294964025745
"Islington Bar and Restaurant, 20 Year Lease","£500,000",N/A,N/A,"Open Plan Trade Area with 2am Licence | External seating and Weatherproof Rooftop Bar | Commercial Trade Kitchen | 3 Bed apartment | Turnover circa £1.5m Net per annum | 465 m2 / Energy Rating D | Annual rent: £165,000 | Christie & Co Ref: 2457391",1.70,N/A,03331 882955,"Marketed by Christie & Co, Pubs & Restaurants",Leasehold. Open Plan Trade Area with 2am Licence. External seating and Weatherproof Rooftop Bar. Commercial Trade Kitchen. 3 Bed apartment. Turnover circa £1.5m Net per annum,"Description For further information you will be required to sign a non-disclosure agreement. Additional information Service charge Ask agent Business rates Ask agent Use class Ask agent Listed building Ask agent Business for sale Yes Leasehold: Ask agent Tenure Leasehold Length of lease Ask agent Energy performance certificate: D An Energy Performance certificate helps you understand the current energy efficiency of a property. Read more about EPC requirements Ask agent Environmental data BREEAM rating Ask agent Environmental description Ask agent Read more about energy considerations for commercial property About Christie Owen & Davies Ltd, Pubs & Restaurants We’re the leading specialist advisor for buying and selling businesses in our sectors - hotels, pubs, restaurants, childcare, healthcare, convenience retail, leisure and medical. If you’re looking to buy or sell a business in our specialist sectors – from a pharmacy in Sussex to a hotel in Austria – our expert advice and collaborative support will help you achieve your goals. You may be an independent first-time buyer or a multinational adding to your portfolio; either way, you’ll discover that our personalised service is focused on helping you achieve your ambitions. Clients have access to our carefully managed network of potential buyers. This unique database of contacts has been continually developed by our advanced IT capabilities and benefits from both our years of experience developing our network and our wide geographical coverage. Where we work We employ the largest team of sector specialists in the UK and the largest group of hotel specialists in Europe, providing professional brokerage and advisory services from offices in major cities across Britain and Europe. And because we’ve been doing this for over 80 years, we know our sectors and local markets inside out. We work closely with our clients to guide and conclude transactions of any size, covering hotels, restaurants and pubs, leisure, forecourts and convenience retail businesses, social care and elderly care, childcare & education facilities, dental practices and pharmacies. Our professional services We offer unrivalled insight, experience and expertise across your choice of services, including brokerage, consultancy, finance, development, investment, surveying, rent reviews, dispute resolution, corporate valuation, and turnaround & recovery. These services are all underpinned by our in-depth market intelligence and leading-edge technology. And we’re accredited by the Royal Institution of Chartered Surveyors (RICS), so you can trust in our professionalism. What makes us tick Businesses are about people, so relationships matter to us. We bring an integrity and transparency to business which can be all too rare – and that’s why people trust us. Our clients will attest to our genuine desire to help achieve their objectives, our attention to detail, and our tireless hard work on their behalf. We understand that buying a business can bring its own pressures and strains; needs can change, plans may need to be adjusted, and opportunities can come and go. But we’re always here, a constant, flexible and reliable force you can count on. Our opening hours for all offices: Mon – Fri, 9am – 5.30pm Your search history You have no recent searches Disclaimer - Property reference 2457391-lh. The information displayed about this property comprises a property advertisement. Rightmove.co.uk makes no warranty as to the accuracy or completeness of the advertisement or any linked or associated information, and Rightmove has no control over the content. This property advertisement does not constitute property particulars. The information is provided and maintained by Christie Owen & Davies Ltd, Pubs & Restaurants. Please contact the selling agent or developer directly to obtain any information which may be available under the terms of The Energy Performance of Buildings (Certificates and Inspections) (England and Wales) Regulations 2007 or the Home Report if in relation to a residential property in Scotland. Marketed By Christie Owen & Davies Ltd, Pubs & Restaurants More properties from this agent Call agent Request details Download the Rightmove app Resources Stamp Duty Calculator House Price Index Property guides Property news Buyer guides Seller guides Renter guides Landlord guides Removals Energy efficiency Mortgage in Principle Mortgage Calculator Mortgage guides Search Search homes for sale Search homes for rent Commercial for sale Commercial to rent Overseas homes for sale Search sold house prices Find an agent Student accommodation Retirement homes New homes Locations Major towns and cities in the UK London Cornwall Glasgow Cardiff Edinburgh Spain France Portugal Rightmove Tech blog About Press centre Investor relations Contact us Careers Sign in or create account HomeViews Professional Rightmove Plus Data Services Advertise on Rightmove Overseas agents and developers Home and property related services Advertise commercial property HomeViews Business Hub Site map Help Cookies Safety and Security Terms of Use Privacy Policy New updates Copyright © 2000- 2025 Rightmove Group Limited. All rights reserved. Rightmove prohibits the scraping of its content. You can find further details here .",https://www.rightmove.co.uk/properties/736996665062273
"2-4 Leigham Court Road, London, SW16 2BH","£500,000","1,862 sq. ft.",Leisure facility for sale,"7.2% Gross yield, before any purchaser costs | Sale price £500,000 for the benefit of the Long Leasehold | Freehold also available subject to further negotiation | Current Income - £36,000 per annum | Current tenant - Body Fit Training (BFT) | Prominent Location - Close to Streatham Hill Station",5.49,Streatham Station - 0.8 miles | Streatham Hill Station - 0.1 miles | Streatham Common Station - 1.4 miles,020 4634 7467,"Marketed by Stirling Ackroyd, Commercial",Leisure/Gym Commercial Investment For Sale,"Description HEAD LEASE/LONG LEASE : The virtual-freehold/long leasehold is available (250-years from 2014) at a guide price of £500,000 (ex. VAT). The long leasehold is subject to a Ground Rent of £300 per annum The Freehold is also available at an additional price - terms on application/subject to further negotiation The purchase price of £500,000  reflects a Gross Yield of 7.2% before any purchaser costs TENANT DETAILS : The premises are let on a FRI lease to a Body Fit Training (“BFT”) gym franchisee, who  also owns a second BFT gym in Battersea, London. TENANCY DETAILS : The property is let on a FRI lease to FHL Streatham Ltd (with a guarantor from FHL Battersea Ltd), for a term of 10-years (held outside The 1954 Act) expiring in August 2035. The lease allows for a tenant-only break option which can be exercised in August 2030 The current rent is £36,000 per annum exclusive, with the next rent review in August 2030 (upwards-only, RPI-index based). A 3-month rent deposit is held as a lease security. The Tenant benefits from a rent-free period until 11th March 2026. Location The premises are situated on Leigham Court Road close to the prominent junction with Streatham High Road (A23) Streatham Hill offers a high density of residential occupiers as well as national and local retail/office occupiers in close proximity. Streatham Hill National Rail Station, Marks & Spencer and the London Square Streatham Hill residential development are all within 2 minutes walk The property is located within the London Borough of Lambeth Energy Performance Certificates EPC",https://www.rightmove.co.uk/properties/173955275
"Unit 35, Waterside, Islington, N1 7UX","£425,000",627 sq. ft.,N/A,Newly refurbished | Grade II listed with original crittal  windows | On-site cafe | Characterful office/leisure space with  direct views over the Wenlock  Basin | Courtyard setting | Great natural light | Kitchenette | Wooden flooring,1.33,N/A,020 3905 1550,"Marketed by Forest Real Estate, London",A newly refurbished and beautifully decorated studio/suite with state of the art amenities.,"Description A recently redecorated 627 sq ft office/leisure unit that feels bright, welcoming and ready to move straight into, thanks to its incredible natural light and clean, modern finish. The space includes a handy kitchenette and is flexible enough to suit a range of uses, from office to studio or wellness-based businesses. Set within a characterful commercial mews, you’ll be part of a friendly, creative community with great amenities on your doorstep, including a coffee shop, Pilates studio, psychotherapy services and a lovely communal river terrace. Location Located on Wharf Road, Waterside is ideally positioned in the heart of North London. With easy access to major transport links, including nearby Angel and Old Street stations, the area is well-connected and offers a vibrant mix of local amenities, cafés, and restaurants. This estate is uniquely located overlooking the Wenlock Basin which leads into the Regents Canal. This is an amenity enjoyed by all tenants who use the landscaped water ' s edge during lunch time as a communal place to meet, eat and relax. Additional information Service charge £3,413.27 Business rates Ask agent Use class Ask agent Listed building Ask agent Energy performance certificate: Ask agent An Energy Performance certificate helps you understand the current energy efficiency of a property. Read more about EPC requirements Ask agent Environmental data BREEAM rating Ask agent Environmental description Ask agent Read more about energy considerations for commercial property Brochure Brochure 1 Unit 35, Waterside, Islington, N1 7UX Open Map Street view",https://www.rightmove.co.uk/properties/750561853675216
"Ballards Lane, London, N12","£399,500","1,050 sq. ft.",Restaurant for sale,Restaurant | Income Producing | Virtual freehold | Ground Floor | Opportunity of Vacant Possession,7.90,Woodside Park Station - 0.5 miles | West Finchley Station - 0.6 miles | Finchley Central Station - 1.1 miles,020 3834 8050,"Marketed by Maunder Taylor, London","RESTAURANT UNIT, WITH INCOME - Virtual FreeholdThis is currently let and income producing with the opportunity to have vacant possession on completion.Situated on the Western side of the Tally Ho one-way system.","Situated on the Western side of the Tally Ho one-way system (Northern traffic flow side). The area is well served by local bus services - the property being adjacent the Tally Ho Bus Station.  Other shops nearby include; Aldi, Waitrose and numerous independent retail outlets, coffee shops & restaurants. This is currently let and income producing with the opportunity to have vacant possession on completion, has fitted kitchens and WCs - This unit also has a walk-in chiller. Viewings Strictly by appointment only GIA: APPROX 1,050ft² (97.54m²) Accommodation Approximately 75' (22.86 m) Overall depth Internal frontage 11'6 widening to 17'9 max (3.51m to 5.41m max) Fitted kitchen and WCs has a walk-in chiller Lease: Currently sublet on a 25 Year lease Passing rent is £24,000 PAX Legal Fees: Each side to be responsible for their own legal costs. Business Rates: According to the VOA web site, the Rateable Value from April 2026 is £21,750. Billing Authority - The London Borough of Barnet.",https://www.rightmove.co.uk/properties/143538959
"1 Market Road, Islington, N7 9PW","£390,000",700 sq. ft.,N/A,"Self Contained With Own Private Entrance | Vaulted Ceilings | Electric Heating | Virtual Freehold (999 years) | Disabled WC | Separate Kitchenette | A Few Minutes Walk from Caledonian Road Underground Station | Dual Aspect Windows With Excellent Natural Light | Open Plan | Local Occupiers Include Tesco Express, Sainsburys Local and Starbucks & Costa Coffee",2.65,N/A,020 3905 1550,"Marketed by Forest Real Estate, London","Newly Renovated Business Unit Suitable For Nursery, Galleries & All Medical Uses","Description 1 Market Road is a key component of the broader Cally Yard development, which counts The Gym Group among its tenants. This is a rare opportunity to acquire a single-story building with a private entrance and prominent street frontage. Large dual-aspect windows provide a prime branding opportunity, while the high ceilings and open-plan layout make the space versatile for clinics, health centres, dentists, crèches, day nurseries and art galleries. Location Caledonian Road, or ""Cally Road"" to locals, is rapidly becoming a go-to location for businesses in London’s N7. With its direct links to central London via the Piccadilly Line and Overground, it offers both accessibility and a unique mix of old and new London charm. This area seamlessly combines historic character with modern flair, seen in its Victorian-era architecture alongside newly developed workspaces and creative hubs. Trendy spots like The Depot and The Pleasance Theatre are popular among professionals for post-work gatherings, while proximity to King’s Cross offers convenient connections and a thriving cultural scene. Cally Road provides a balance of practicality and inspiration, ideal for businesses looking to plant roots in one of London’s most evolving neighbourhoods. Additional information Service charge £2,000 Business rates Ask agent Use class Ask agent Listed building Ask agent Leasehold: Ask agent Tenure Leasehold Length of lease Ask agent Energy performance certificate: B An Energy Performance certificate helps you understand the current energy efficiency of a property. Read more about EPC requirements Ask agent Environmental data BREEAM rating Ask agent Environmental description Ask agent Read more about energy considerations for commercial property Brochure Brochure 1 1 Market Road, Islington, N7 9PW Open Map Street view",https://www.rightmove.co.uk/properties/721603172862112
"High Road Leytonstone, London, E15","£320,000","1,023 sq. ft.",Restaurant for sale,Main High Street Location | Enviable Reputation | Extremely High Quality Fit Out | Turnover in excess of £360k PA | Impressive Net Profits,4.91,Maryland Station - 0.5 miles | Leyton Station - 0.6 miles | Leytonstone High Road Station - 0.8 miles,03331 880338,"Marketed by Goodwins Business Brokers Ltd, Covering - Nationwide","Asado Steakhouse is a unique and exciting alternative to a traditional restaurant experience, serving the finest Argentine meats in an extensively modernised restaurant, completed to an exacting standard, this business is a turnkey opportunity for an incoming operator.","Asado Steakhouse Turnover circa: £362k Adjusted Net Profit circa: £147k THE OPPORTUNITY Name: Asado Steakhouse Location: 166 High Road, London, E15 1UA Type: Restaurant BUSINESS DESCRIPTION Asado Steakhouse is a successful Argentinian steak house restaurant located in the heart of Stratford, London which is a vibrant and busy district of central London. This business has an exceptional reputation for its high-quality fine dining of Argentinian food an extensive menu offering the best beef in the world. The establishment is a firm favourite amongst both locals and visitors to the area with the benefit of being in a modern fully refurbished and completed to an exacting standard leasehold premises on a busy main high street within the leafy and affluent residential area of Stratford. SERIVCE OFFERINGS The business offers customers a unique dining experience with excellent service, good value, cleanliness and unrivalled high-quality food prepared on premises. The menu contains a variety of steak dishes, complimented with chicken, fish and lamb dishes available. The business caters for all customer requirements taking into consideration food allergies and intolerance. The cuisine is characterised by the sharing of flavourful meats and dishes with a chance to sample new meats with a tasting platter. The premises is presented with soft mood lighting, comfortable seating and background music to create the perfect dining experience. Starters: Chicken, Lamb, Shrimp and Empanadas all prepared freshly in a traditional Argentine style. Beef: Well-known for their unrivalled quality steaks and special cuts to include rump, sirloin, chateaubriand and more. Mains: A diverse range of burgers, fish, chicken, lamb and mince compliment the steak offering. Choice of Sides: Chips, sweet potatoes, mac n cheese, salads and more. Hot & Cold Drinks: A full liquor license ensures a range of alcoholic drinks and cocktails are available, complimented by coffee, tea and soft drinks. Great selection of wines from selected regions. Desserts: A range of home-made and freshly produced desserts. MARKET ANALYSIS The steakhouse market in London is vibrant and diverse, offering a wide array of dining experiences from luxury establishments to casual dining spots. The market is highly competitive, with numerous restaurants striving to deliver high-quality beef, exceptional service, and unique dining atmospheres. While facing challenges such as operational costs and evolving consumer preferences, the market also presents opportunities for growth through sustainability and culinary innovation. Establishments that can effectively balance these factors are likely to thrive in London's dynamic culinary landscape, such is the case for Asado Steakhouse. KEY ACHIEVEMENTS Reviews: 4.6-star rating on 'Google Reviews' with over 500 reviews. 5.0-star rating on 'Tripadvisor' 4.5-star rating on 'Table Agent' Loyal Customers: Regular, repeat customer base provides ongoing consistent revenue. Food Hygiene: 5-star rating with the food standards agency. FINANCIAL OVERVIEW Detailed financial statements will be provided to interested parties. EXPANSION OPPORTUNITIES Delivery: Implementing a delivery service to cater to the increasing demand for at-home dining through directly employed staff or food app delivery partners. Outside Catering: Catering services for events, parties, and corporate lunches outside of the restaurant. Additional Locations: The business is an excellent solid foundation to expand upon for an incoming operator, with opportunities to expand into additional locations throughout London and the UK. Franchise: The business holds exceptional brand presence and presents an excellent opportunity to franchise the business to would be restaurateurs with the support of this established business. PREMISES The premises have been fitted with an exceptionally high standard both inside and out with main road frontage, on the corner of a busy road intersection providing perfect opportunities for passing trade. The restaurant has a seating capacity for 65 sittings. The premises is a ground floor retail unit in an extremely busy residential area on the main parade of retail shops. The premises is available by way of a lease assignment at £22,000 per annum. The vendor has made significant improvements to the property since inception and introduced new catering equipment and furnishings which offer a warm and welcoming environment for customers and requires no further investment from an incoming operator who can capitalise on the extensive fit out to date. Viewing is essential to appreciate the quality of the business on offer. FURTHER INFORMATION Further information is available by speaking with us and viewings are strictly by appointment only. For more information, please contact us. Energy Performance Certificates EPC",https://www.rightmove.co.uk/properties/160479980
"Prime Central London Health & Well-Being Centre – Asset Sale, Camden","£290,000",N/A,Leisure facility for sale,N/A,0.89,Farringdon Station - 0.0 miles | Chancery Lane Station - 0.3 miles | Barbican Station - 0.4 miles,01204 326868,"Marketed by Knightsbridge Commercial, Bolton","London. Turnover of £108,000.
An exceptional opportunity to acquire the assets of a fully fitted, high-end wellness and health centre in the heart of Farringdon, Central London.
Client database – 2,400+ active clients with established booking system.
Full interior fit-out of the 2,000 sq. f...","London. Turnover of 108,000.An exceptional opportunity to acquire the assets of a fully fitted, high-end wellness and health centre in the heart of Farringdon, Central London.Client database  2,400+ active clients with established booking system.Full interior fit-out of the 2,000 sq. ft premises (100,000 investment).Operates from 2,000 sq. ft leasehold premises on a new lease bases with rent 60,000 per annum Total asset value: 421,000.Owners happy to include 60 hours (2 months) of full training.Owner financing available by negotiation.Established wellness brand with strong reputation and central location.Significant scope for growth through expanded marketing and service promotion.Sale Price: ORIO 190,000",https://www.rightmove.co.uk/properties/136121009
"Caledonian Road, Barnsbury","£280,000","1,471 sq. ft.",Restaurant for sale,N/A,2.14,Caledonian Road & Barnsbury Station - 0.3 miles | Kings Cross Thameslink Station - 0.6 miles | Caledonian Road Station - 0.7 miles,020 4634 7822,"Marketed by Drivers & Norris, London","INVESTMENT - Commercial long lease for sale in Barnsbury, Islington","LOCATION Located along the Caledonian Road within the desirable Barnsbury conservation area, the property is within walking distance of Caledonian Road (Piccadilly Line) and Highbury & Islington (Victoria Line/Overground) stations as well being a short walk to Caledonian Road and Barnsbury Overground Station. Positioned along the west side of the main stretch of the high street the property enjoys good exposure, footfall and is serviced by numerous bus routes. The mid-section of Caledonian Road is seeing huge growth due to the proximity to Kings Cross and the fact Barnsbury is now Islington's most exclusive and expensive area. DESCRIPTION A long commercial leasehold interest where the unit is used as a Take-Away. Large unit set over ground and basement occupied by an independent operator called Craving Cross. The property has glass frontage, extraction on ground and basement and large basement kitchen. - 20 year lease commenced on 15 June 2012 - Rent 21K pa - Rent review 5 yearly - due 2027 ACCOMMODATION Gross Internal Area: 1471 sq ft AMENITIES Glass frontage Dual extraction Large prep kitchen Great location Long term investment TERMS New 999 year lease offered on completion. LEGAL COSTS Each party to bear own legal costs. VIEWING Strictly by appointment via Drivers and Norris",https://www.rightmove.co.uk/properties/173059232
"New Providence Wharf, Fairmont Avenue, London, London, E14 9PB",POA,"790–1,000 sq. ft.",N/A,Ground floor commercial units | Established neighbourhood scheme | Adjacent to a 169 room Radisson Hotel | The estate overlooks the 02 arena,3.68,N/A,020 7870 1786,"Marketed by CHERRYMAN LIMITED, London",New Providence Wharf is located on the north bank of the River Thames overlooking the O2 arena.,"New Providence Wharf is located on the north bank of the River Thames overlooking the O2 arena. Additional information Service charge £2.79 Business rates Ask agent Request details Close Unit - 3 & 4 Other 1,674 Size 1,674 sq ft Primary use Other Key features Ground floor commercial units Established neighbourhood scheme Adjacent to a 169 room Radisson Hotel The estate overlooks the 02 arena Description New Providence Wharf is located on the north bank of the River Thames overlooking the O2 arena. Additional information Service charge £2.79 Business rates Ask agent Request details Close Unit - G12 Cafe 789 Size 789 sq ft Primary use Cafe Key features Ground floor commercial units Established neighbourhood scheme Adjacent to a 169 room Radisson Hotel The estate overlooks the 02 arena Description New Providence Wharf is located on the north bank of the River Thames overlooking the O2 arena. Additional information Service charge £2.79 Business rates Ask agent Request details Close Key features Ground floor commercial units Established neighbourhood scheme Adjacent to a 169 room Radisson Hotel The estate overlooks the 02 arena Description Description Commercial units suitable for retail, food offering, and gym use under Class E. There is no cooking extraction currently in place for restaurant use. Video walk through for Unit 2 - Video walk through for Unit G12 - Location New Providence Wharf is located on the north bank of the River Thames overlooking the O2 arena. The estate developed by Ballymore consists of 1,700 residential apartments, a 169 room Radisson Hotel and 33,000 sq.ft of commercial units. The property is a short distance from Blackwall DLR station, providing a regular service to Canary Wharf, City Airport and Stratford. Canary Wharf, to the west, comprises approximately 17 million sq.ft of office and retail accommodation. Amenities include over 200 shops, bars and restaurants with 4 retail malls. Viewings By appointment only Terms New leases are available directly from the landlord without premium. Alternatively, each unit is available for sale on a long-leasehold basis (999 years). Additional information Service charge £2.79 Business rates Ask agent Use class E Listed building Ask agent Floors in building 1 Leasehold: Ask agent Tenure Leasehold Length of lease Ask agent Energy performance certificate: Ask agent An Energy Performance certificate helps you understand the current energy efficiency of a property. Read more about EPC requirements EPC certificate Environmental data BREEAM rating Ask agent Environmental description Ask agent Read more about energy considerations for commercial property Brochure Brochure 1 New Providence Wharf, Fairmont Avenue, London, London, E14 9PB Open Map Street view",https://www.rightmove.co.uk/properties/741710850944384
"Greenwich Millenium Village, Building 203 Hearn House, 7 Warman Walk, Greenwich, SE10 0WU","£250,000",665 sq. ft.,Cafe for sale,"For Sale £250,000 For The Virtual Freehold Interest Or To Let £20,000 Per Annum | Suspended Ceiling With Integral Spotlights Plus Suspended Lamps,  Plastered Painted Walls With Tiled Flooring | Benefitting From 3-Phase Power Supply | External Seating Space Will Be Allocated | Close To Greenwich Yacht Club | Facing Onto Southern Park Which Opens Directly Onto The Square | North Greenwich Underground Station And The O2 Arena Within Easy Reach",4.76,Westcombe Park Station - 0.7 miles | West Silvertown Station - 0.7 miles | Emirates Greenwich Peninsula Station - 0.7 miles,020 4538 3017,"Marketed by Hindwoods, London",Café Premises For Sale or To Let. Prominently located within the Greenwich Millenium Village. Great location and close to all amenities.,"Description The property is all arranged at ground level and largely fitted out. Capped off services are supplied including a 3-phase power supply. The café space sits within Hearn House. Full height glazing is fitted to the front and return elevations, with the entrance from the side elevation facing the square. The available space has a tiled floor, a suspended ceiling with integral spotlights and suspended lamps and plastered painted walls. An accessible WC is in situ.  External seating space will be allocated. Location The property is prominently located in the most recent phase of development at Greenwich Millennium Village, adding to the already established community. When completed the Village will provide up to 2,800 residential units. Facing onto Southern Park and opening directly onto the Square this latest phase of development nestles between West Parkside and Rennie Street with the River Thames alongside.  Greenwich Yacht Club is a short distance from the property with North Greenwich Underground station and the O2 Arena within easy reach. Viewings Kevin Bright or Charlene Nicholls k.  c. Terms The property is available to be let on a new effective Full Repairing and Insuring lease, for a term to be agreed, outside the security of tenure of the Landlord & Tenant Act 1954. Also available for sale by way of Virtual Freehold.",https://www.rightmove.co.uk/properties/87872730
"205 Streatham Road, London, CR4","£250,000",605 sq. ft.,Takeaway for sale,"Rental Income: £19,200 p.a. | Gross Initial Yield: 7.68% | Comprises mid-terrace ground floor takeaway shop | VAT is NOT applicable to this property",7.19,Tooting Station - 0.4 miles | Mitcham Eastfields Station - 0.7 miles | Streatham Common Station - 0.7 miles,020 3909 3844,"Marketed by Blue Alpine, London","Comprises mid-terrace ground floor takeaway shop. Situated on the well-connected A216 (Streatham Road), within close proximity to multiple bus routes and Tooting Broadway Underground Station. Nearby occupiers including Tesco Express, a Post Office, a barber shop, a public house, and various independ","Investment Consideration: Gross Initial Yield: 7.68% Rental Income: £19,200 p.a. VAT is NOT applicable to this property Comprises mid-terrace ground floor takeaway shop Situated on the well-connected A216 (Streatham Road), within close proximity to multiple bus routes and Tooting Broadway Underground Station. Nearby occupiers including Tesco Express, a Post Office, a barber shop, a public house, and various independent businesses. Property Description: Comprises ground floor takeaway, providing the following accommodation and dimensions: Ground Floor: 56.19 sq m (605 sq ft) Open plan seating, counter, kitchen, storage, wc Tenancy: The property is at present let to an Individual t/a Takeaway from 23rd May 2024 until 7th January 2036 at a current rent of £19,200 p.a. and the lease contains full repairing and insuring covenants. Rent review on 8th January 2028 and 2032 open market upward only. No breaks. Tenure: Virtual Freehold. To be held on a new 999-year lease from completion at a ground rent of peppercorn. Location: Mitcham is a suburban district in the London Borough of Merton, situated approximately 8 miles south of Central London. The area benefits from excellent road links via the A217 and A236, providing access to the A3 and South Circular. Mitcham Junction station offers National Rail and Tramlink services, connecting to Central London and Croydon. The property is located on Streatham Road (A216), a busy arterial route connecting Mitcham with Streatham and Tooting. The surrounding area comprises a mix of local independent retailers, convenience stores, and residential developments. Nearby occupiers include Tesco Express, Costcutter, and a number of cafés, pharmacies, and retailers.",https://www.rightmove.co.uk/properties/163709504
"St. James' Road, Surbiton, Surrey, KT6","£220,000",710 sq. ft.,Restaurant for sale,"Strong commercial area | Popular restaurant tenant | Rent of £16,775",12.50,Surbiton Station - 0.1 miles | Berrylands Station - 1.2 miles | Kingston Station - 1.4 miles,020 4572 1370,"Marketed by Vanderwald Estates Ltd, Edgware",Strong investment in an excellent area,"The property for sale comprises two ground floor commercial premises. No 10 is a retail premises which is sold on a long lease expiring 3 days before December 25, 2104, paying £25 p.a. No 8 is let to a sushi restaurant with their lease expiring on May, 2033, and paying £16,750 p.a. Tenure is leasehold until December 25, 2104 - approximately 81 years. There is a £25 p.a. rent due to the freeholder for each unit. Key Features: * No 8 is 66 sqm / 710 sqf * Strong commercial area * Popular restaurant tenant * Rent of £16,775 with a rent review due for No 8 * OIRO £220,000 Vanderwald Estates have represented the information here based on information provided by the vendor. All potential buyers should only rely on their own due diligence and inspections.",https://www.rightmove.co.uk/properties/154403063
"Harrow, Greater London. HA1","£200,000","3,197 sq. ft.",Restaurant for sale,Spacious | Leasehold for Sale | Business for Sale | Fully Fitted Restaurant | Party Hall | Leasehold,11.51,Harrow-on-the-Hill Station - 0.1 miles | Northwick Park Station - 0.7 miles | Kenton Station - 0.7 miles,020 3947 5994,"Marketed by GALAXY REAL ESTATE LIMITED, Hayes","Established Indo-Chinese Restaurant & Takeaway - Harrow £40,000+ Monthly Sales | Seating for 70 + Party Hall for 70 + Prime Location | 14-Year Lease (renewable)","An established Indo-Chinese restaurant & takeaway is now available for purchase in the highly desirable Harrow on the Hill area. Key Details: Rent: £75,000 p.a. Lease: 14 years remaining (renewable) | Break clause: 2029 Guarantor: Required Insurance: £333 p.m. (£4,000 p.a.) Business Rates: £1,286 p.m. (£15,435 p.a.) Utilities: Approx. £2,500 p.m. Last Rent Review: 2024 Financial & Operations Monthly Sales: £40,000 (30% delivery orders) Opening Hours: Monday–Thursday: 12:00–14:00 & 17:30–23:00 Friday–Sunday: 12:00–23:00 Asking price: £200,000 Staff: 4 full-time (2 chefs + 2 waiters) Premises (Total: 296.81 sq. m. / 3,195 sq. ft.) Ground Floor – 192.50 sq. m. / 2,072 sq. ft. - For 70 Seats - Bar area - Toilets + disable toilet - Fully equipped kitchen & storage - First Floor – 104.31 sq. m. / 1,123 sq. ft. - Large private hall - Dining space (up to 70 seats) - Separate bar - Additional storage & toilets Highlights & Growth Potential Prime Harrow with a strong reputation & loyal customer base. Daytime tea & snacks service is already arranged, waiting to be launched. Perfect for private parties, events, and large gatherings thanks to the spacious first-floor hall. Opportunity to expand revenue streams with catering, events, and extended hours. Reason for Sale: The current owner operates multiple businesses and cannot dedicate enough time to manage them all simultaneously. A fantastic opportunity for entrepreneurs looking to take over a well-established Indo-Chinese brand with strong sales and further growth potential! Enquiries & Viewings: If you would like to enquire or book an appointment, please contact us: | | Sivi Babbar   | |   |",https://www.rightmove.co.uk/properties/165877562
"Pinner, Greater London, HA5","£165,000",N/A,Bar / nightclub for sale,Spacious | Busy Parade | Easy to manage | Spacious | Attractive Location | ideal for investment | Close to High street | Leasehold for Sale | High Street Location | Prime Location,14.10,Eastcote Station - 0.2 miles | Ruislip Manor Station - 0.7 miles | Ruislip Station - 1.1 miles,020 3947 5994,"Marketed by GALAXY REAL ESTATE LIMITED, Hayes",Galaxy Real Estate proudly presents to the market. Lease For Sale,"Galaxy Real Estate are excited to offer the market this exceptional leasehold commercial premises currently operating as Jasmine Lounge, a popular venuefor-hire suitable for a wide range of private and corporate events. The property offers a contemporary, high-quality interior finish and is well-situated on the busy Field End Road in the heart of Eastcote. The venue is ideal for hosting birthday parties, engagement celebrations, wedding receptions, baby showers, corporate functions, themed events, and private dining experiences. Accommodation: The premises comprise a well-presented and fully equipped entertainment space featuring: A stylish bar counter and DJ booth Dance floor and dedicated office area Two ladies’ WCs, one gents’ WC with two urinals, and a large accessible WC Small kitchen (for owner/staff use only) The unit has been refurbished to a high modern standard, offering a vibrant and inviting atmosphere suitable for immediate operation or conversion to other commercial uses (such as a full-service restaurant or bar, subject to obtaining the necessary consents and licences). Licensing & Opening Hours: The premises benefits from an existing entertainment licence permitting: Performance of live music Playing of recorded music Performance of dance Entertainment of a similar description Permitted opening hours: Sunday: 10:00 – 00:00 Monday to Thursday: 10:00 – 00:30 Friday & Saturday: 10:00 – 01:30 Lease Details: Lease term: Approximately 20 years remaining Rent: £27,500 per annum Rent review: Every 5 years Additional Income: The current leaseholder also holds the residential upper parts under a separate 3-year agreement at £20,000 per annum. The upper floors have been converted into two 2-bedroom flats, generating an income of approximately £30,000 per annum, resulting in a £10,000 annual profit from the residential element. Business Potential: This attractive and well-maintained property offers excellent versatility — it is perfectly suited for continued use as an event venue, cocktail bar, or night lounge, while also providing significant potential for conversion into a full-scale restaurant, shisha lounge, or café, subject to planning and licensing approval. Enquiries & Viewings: If you would like to enquire or book an appointment, please contact us: | Sivi Babbar |   | |   |   |",https://www.rightmove.co.uk/properties/169011275
"29 High Street,  Hounslow, TW3","£150,000",Offers Over,Restaurant for sale,"Weekly turnover £10,000 – £11,000 | Over £300,000 invested in fit-out | Established burger restaurant business | 5-year lease remaining (extendable) | Fully equipped commercial kitchen worth £100,000 | £1,600 PCM rental income from upstairs",11.83,Hounslow East Station - 0.2 miles | Hounslow Central Station - 0.5 miles | Hounslow Station - 0.7 miles,020 3947 5994,"Marketed by GALAXY REAL ESTATE LIMITED, Hayes","Phat Buns - Hounslow Established Burger Restaurant Business & Lease for Sale An excellent opportunity to acquire a fully fitted, well-known fast-food restaurant in the heart of Hounslow High Street operating under the popular Phat Buns concept.","Phat Buns – Hounslow Established Burger Restaurant Business & Lease for Sale Galaxy Real Estate are proud to offer the market an excellent opportunity to acquire a fully fitted, well-known fast-food restaurant in the heart of Hounslow High Street operating under the popular Phat Buns concept. Phat Buns is a rapidly growing UK fast-casual brand specialising in American-style smash burgers, wings, shakes and street-food favourites, created after extensive research and inspiration from the American burger scene. The brand has built a strong reputation for its signature blended beef patties, fresh ingredients and distinctive “Phat Sauce”, delivering a premium burger experience. The Hounslow branch offers the same concept, providing customers with American-inspired smash burgers made with high-quality ingredients and prepared to deliver a melt-in-your-mouth flavour experience. Business Highlights Location: Hounslow High Street, London TW3 Asking Price: £150,000 for the business, fixtures and lease Lease: 5 years remaining (extendable) Rent: £48,000 per annum + VAT (£4,000 PCM) Business Rates: Approx. £1,000 PCM Flat: 2 beds upstairs, achieving a rental income of £18,000 per annum Financial Overview Current weekly turnover: Approximately £10,000 – £11,000 per week across all platforms. Previous turnover: Approximately £15,000 – £16,000 per week, demonstrating strong historic trading performance. Additional income: Rental income from the upstairs accommodation generating £1,600 per month. Investment & Fit-Out The current owners have invested over £300,000 into the shop, creating a modern, high-quality fast-food restaurant environment. Key features include: Fully fitted commercial kitchen valued at approximately £100,000 High-spec equipment and extraction Modern branded interior Seating and takeaway operation Established delivery presence across major platforms Invoices for the investment and equipment can be provided. Menu & Concept The business operates with a popular American smash-burger concept, offering: Signature smash burgers Wings & fried chicken Loaded fries and sides Milkshakes and desserts Halal menu options Everything is prepared fresh using quality ingredients to deliver a consistent fast-casual dining experience. Opportunity This is a turnkey restaurant opportunity ideal for: Experienced restaurateurs Owner-operators Franchise or independent operators looking for a prime Hounslow location The business already has an established customer base, strong delivery presence and proven turnover, with clear potential to increase sales again through marketing and operational optimisation.",https://www.rightmove.co.uk/properties/173034983
"4 Station Approach, Purley Oaks Road, South Croydon, London, CR2","£150,000",430 sq. ft.,Takeaway for sale,"Rental Income: £9,828 p.a. | Gross Initial Yield: 6.55% | Comprises ground floor takeaway unit | VAT is NOT applicable to this property | Located directly opposite Purley Oaks Train Station",11.51,Purley Oaks Station - 0.0 miles | Sanderstead Station - 0.2 miles | Purley Station - 0.9 miles,020 3909 3844,"Marketed by Blue Alpine, London",Comprises ground floor takeaway unit. Located directly opposite Purley Oaks Train Station.,"Investment Consideration: Gross Initial Yield: 6.55% Rental Income: £9,828 p.a. Agreed rental increase to £12,000 p.a. from May 2026 VAT is NOT applicable to this property Comprises ground floor takeaway unit Located directly opposite Purley Oaks Train Station Occupiers nearby including cafés, convenience stores, restaurants, and more. Convenient parking available near Purley Oaks Station and surrounding residential areas. Property Description: Comprises ground floor takeaway unit, providing the following accommodation and dimensions: Ground Floor: 40 sq m (430 sq ft) Open plan retail, kitchen, storage, wc Tenancy: The property is at present let to an Individual for a term of 5 Years from 15th May 2023 at a current rent of £9,828 p.a. and the lease contains full repairing and insuring covenants. More information about rent review, break clause and held deposit available on request.Agreed rental increase to £12,000 p.a. from May 2026. Location: The property is conveniently situated in a highly accessible area of South Croydon, offering excellent transport links. The property is located adjacent to Purley Oaks Station, providing direct services to central London, making it an ideal location for commuters. The surrounding area benefits from a variety of local amenities, including shops, restaurants, and schools, contributing to a well-connected and vibrant community. South Croydon?s main shopping areas are also within close proximity, providing easy access to retail and leisure options. With excellent road connections and access to public transport, this location offers both convenience and ease of access for businesses and residents alike.",https://www.rightmove.co.uk/properties/165768137
"Surbiton, Kingston Upon Thames","£139,000","1,128–1,129 sq. ft.",N/A,Ready to trade | Double fronted premises | Excellent street visibility | 5 Star rating on Google,12.29,N/A,020 4572 1370,"Marketed by Vanderwald Estates Ltd, Edgware",Turnkey opportunity to acquire a well-established Italian café & restaurant in Surbiton. High turnover and low rent.,"Popular Italian Café & Restaurant – Surbiton, London Turn-key opportunity to acquire a well-established Italian café & restaurant in Surbiton. Renowned for delicious food, a welcoming atmosphere, and loyal customers, this business offers strong revenue and immediate trading potential—ideal for owner-operators or investors. Has maintained a 5* rating on Google. Financial Overview: 1.	Leasehold Price: £139,000 2.	Rent: £22,000/year 3.	Weekly Turnover: £6,500–7,500 4.	Estimated Annual Turnover: £338,000–390,000 Premises Details: 1.	Total Area: Circa 1,128 sq. ft 2.	Ground Floor: Circa 589 sq. ft – 40 covers & bar 3.	Basement: Circa 525 sq. ft – 15 covers & kitchen 4.	Outdoor Seating: 8 covers 5.	Premises Licence: 7:30am – 11pm Business Highlights: 1.	Popular Italian café & pizzeria with a loyal customer base 2.	Weekly sales between £6,500–7,500, giving strong annual revenue 3.	Staffed with 3 full-time, 3 part-time employees + owner 4.	Excellent condition throughout with high-quality furniture, fixtures & equipment (FF&E) 5.	Fully equipped, including a professional gas pizza oven 6.	Immediate trading potential Lease & Landlord Requirements: 1.	Lease until Dec 2032 (Inside LTA 1954) 2.	Rent: £22,000 pa (5-yearly review; next review Dec 2027) 3.	Landlord requirements: 6 months’ rent deposit, personal guarantor, proof of funds, accountant/trade references Key Features: 1.	Prime Surbiton location with double front premises and excellent street visibility 2.	Spacious layout across ground floor & basement 3.	Outdoor seating available – 8 covers 4.	Fully licensed for alcohol 5.	Well-maintained and ready-to-trade business Premium: £139,000 (includes business, lease & FF&E) CONFIDENTIAL SALE – Enquire for further details and viewing opportunities. Ask for more details or arrange a viewing today Contact Agent Additional information Service charge Ask agent Business rates Ask agent Use class Ask agent Listed building No Floors in building 2 Energy performance certificate: Ask agent An Energy Performance certificate helps you understand the current energy efficiency of a property. Read more about EPC requirements Ask agent Environmental data BREEAM rating Ask agent Environmental description Ask agent Read more about energy considerations for commercial property Surbiton, Kingston Upon Thames Open Map",https://www.rightmove.co.uk/properties/734640179055360
"Worcester Park, KT4","£125,000",N/A,Restaurant for sale,Huge Space | Low Rent | Fully Fitted Kitchen | Shisha Area at rear,11.40,Worcester Park Station - 0.3 miles | Malden Manor Station - 1.0 miles | Stoneleigh Station - 1.1 miles,020 3838 0875,"Marketed by RAF ESTATES LTD, Surrey",Restaurant & Shisha Lease for sale. A huge space with a fully fitted kitchen and plenty of storage space. Rental £28k per annum. 8 years remaining on the lease. Premium £125k.,Restaurant & Shisha Lease for sale. A huge space with a fully fitted kitchen and plenty of storage space. Rental £28k per annum. 8 years remaining on the lease. Premium £125k.,https://www.rightmove.co.uk/properties/159813335
"A POPULAR AND IDEALLY LOCATED RESTAURANT, Bromley","£125,000",N/A,Restaurant for sale,N/A,8.62,Bromley North Station - 0.1 miles | Sundridge Park Station - 0.5 miles | Bromley South Station - 0.5 miles,01204 326868,"Marketed by Knightsbridge Commercial, Bolton","Bromley.
Turnover of £309,000 with an adjusted EBITDA of £44,000.
Specialises in outstanding food and drinks, with menus including burgers, steaks, chicken, fish and Sunday roasts.
A varied drinks menu is operated, which comprises alcoholic and non-alcoholic drinks.
The premises featu...","Bromley.Turnover of 309,000 with an adjusted EBITDA of 44,000.Specialises in outstanding food and drinks, with menus including burgers, steaks, chicken, fish and Sunday roasts.A varied drinks menu is operated, which comprises alcoholic and non-alcoholic drinks.The premises feature a large private space for parties, business functions and events, with capacity to seat 50 guests.Achieved a Good rating in its latest Food Standards Agency inspection.Excellent reputation and steady stream of new and returning customers.Skilled workforce in place.Operates from prominent leasehold premises that ensure high footfall.Offered for sale to facilitate retirement plans. OIRO 125,000",https://www.rightmove.co.uk/properties/172631954
"The Lahori Bites Ltd, 1340 Greenford Road, Greenford, Greater London, UB6","£110,000",N/A,Restaurant for sale,Till System | Attractive Location | Restaurant | Leasehold,11.10,Sudbury Hill Station - 0.4 miles | Sudbury Hill Harrow Station - 0.5 miles | Greenford Station - 0.7 miles,020 3947 5994,"Marketed by GALAXY REAL ESTATE LIMITED, Hayes","Galaxy Real Estate Presents A Newly Refurbished Restaurant Based In Greenford: Sales: 7,000 weekly Business Rates: Nill Lease: 12 - 13 years left Rent: £16,500 Annually","Description: This restaurant is a Takeaway/Sit in restaurant based in Greenford . It combines fast food with an Indian touch, It offers Indian dishes which are widely wellknown and loved by the local community. It's vibrant interior as well as it's beautiful portraits of Taj Mahal ,allow customers to reminisce true Indian cultural dining. This highly reputable restaurant is a very rare opportunity, and is highly rated on many platforms including Google, Just Eats and Facebook. Location: This Restaurant is based in Greenford. It is located on a busy parade, it surrounded by many shops which trade on a daily basis. Many customers travel from afar to experience this absolutely delicious and flavourful food. This restaurant is highly well-known and loved by the local community and has lived up to it's high reputation for many years. This Restaurant benefits from good transport links including bus services and railway stations. This easily accessible location allows for greater potential for the restaurant to further increase turnover. Operating Hours: Monday to Friday 12–11pm Saturday & Sunday 9am–11pm Sales revenue: £7,000 weekly Restaurant Seating: This restaurant seats approximately 16 people, as well as having a seating area it is highly known for it's online delivery and takeaway services. Lease: 12 - 13 years lease remaining Price: The price for this restaurant is £155,000. All Kitchenware and furniture within the restaurant is included within the price.",https://www.rightmove.co.uk/properties/136780508
"Prime corner location in TW2, Free of Tie Pub Lease","£100,000",N/A,N/A,"12 years remaining on 20 year lease | 140 internal covers | 5 bedroom owner’s accommodation | Patio garden (100 seating) & 5 bay car park | Commercial kitchen | 536 sqm - Energy Rating C | Annual rent: £95,636 | Christie & Co Ref: 2457378",12.45,N/A,03331 882955,"Marketed by Christie & Co, Pubs & Restaurants",Leasehold. 12 years remaining on 20 year lease. 140 internal covers. 5 bedroom owner’s accommodation. Patio garden (100 seating) & 5 bay car park. Commercial kitchen,"Description For further information you will be required to sign a non-disclosure agreement. Additional information Service charge Ask agent Business rates Ask agent Use class Ask agent Listed building Ask agent Business for sale Yes Leasehold: Ask agent Tenure Leasehold Length of lease Ask agent Energy performance certificate: C An Energy Performance certificate helps you understand the current energy efficiency of a property. Read more about EPC requirements Ask agent Environmental data BREEAM rating Ask agent Environmental description Ask agent Read more about energy considerations for commercial property About Christie Owen & Davies Ltd, Pubs & Restaurants We’re the leading specialist advisor for buying and selling businesses in our sectors - hotels, pubs, restaurants, childcare, healthcare, convenience retail, leisure and medical. If you’re looking to buy or sell a business in our specialist sectors – from a pharmacy in Sussex to a hotel in Austria – our expert advice and collaborative support will help you achieve your goals. You may be an independent first-time buyer or a multinational adding to your portfolio; either way, you’ll discover that our personalised service is focused on helping you achieve your ambitions. Clients have access to our carefully managed network of potential buyers. This unique database of contacts has been continually developed by our advanced IT capabilities and benefits from both our years of experience developing our network and our wide geographical coverage. Where we work We employ the largest team of sector specialists in the UK and the largest group of hotel specialists in Europe, providing professional brokerage and advisory services from offices in major cities across Britain and Europe. And because we’ve been doing this for over 80 years, we know our sectors and local markets inside out. We work closely with our clients to guide and conclude transactions of any size, covering hotels, restaurants and pubs, leisure, forecourts and convenience retail businesses, social care and elderly care, childcare & education facilities, dental practices and pharmacies. Our professional services We offer unrivalled insight, experience and expertise across your choice of services, including brokerage, consultancy, finance, development, investment, surveying, rent reviews, dispute resolution, corporate valuation, and turnaround & recovery. These services are all underpinned by our in-depth market intelligence and leading-edge technology. And we’re accredited by the Royal Institution of Chartered Surveyors (RICS), so you can trust in our professionalism. What makes us tick Businesses are about people, so relationships matter to us. We bring an integrity and transparency to business which can be all too rare – and that’s why people trust us. Our clients will attest to our genuine desire to help achieve their objectives, our attention to detail, and our tireless hard work on their behalf. We understand that buying a business can bring its own pressures and strains; needs can change, plans may need to be adjusted, and opportunities can come and go. But we’re always here, a constant, flexible and reliable force you can count on. Our opening hours for all offices: Mon – Fri, 9am – 5.30pm Your search history You have no recent searches Disclaimer - Property reference 2457378-lh. The information displayed about this property comprises a property advertisement. Rightmove.co.uk makes no warranty as to the accuracy or completeness of the advertisement or any linked or associated information, and Rightmove has no control over the content. This property advertisement does not constitute property particulars. The information is provided and maintained by Christie Owen & Davies Ltd, Pubs & Restaurants. Please contact the selling agent or developer directly to obtain any information which may be available under the terms of The Energy Performance of Buildings (Certificates and Inspections) (England and Wales) Regulations 2007 or the Home Report if in relation to a residential property in Scotland. Marketed By Christie Owen & Davies Ltd, Pubs & Restaurants More properties from this agent Call agent Request details Download the Rightmove app Resources Stamp Duty Calculator House Price Index Property guides Property news Buyer guides Seller guides Renter guides Landlord guides Removals Energy efficiency Mortgage in Principle Mortgage Calculator Mortgage guides Search Search homes for sale Search homes for rent Commercial for sale Commercial to rent Overseas homes for sale Search sold house prices Find an agent Student accommodation Retirement homes New homes Locations Major towns and cities in the UK London Cornwall Glasgow Cardiff Edinburgh Spain France Portugal Rightmove Tech blog About Press centre Investor relations Contact us Careers Sign in or create account HomeViews Professional Rightmove Plus Data Services Advertise on Rightmove Overseas agents and developers Home and property related services Advertise commercial property HomeViews Business Hub Site map Help Cookies Safety and Security Terms of Use Privacy Policy New updates Copyright © 2000- 2025 Rightmove Group Limited. All rights reserved. Rightmove prohibits the scraping of its content. You can find further details here .",https://www.rightmove.co.uk/properties/736996671221984
